﻿<?xml version='1.0' encoding='UTF-8'?>
<label>
  <MAIN_REPORT>
    <Text16>Informations sur l'entreprise</Text16>
    <Text9>Titre:</Text9>
    <Text10>Abréviation:</Text10>
    <Text11>Organisation de cycle:</Text11>
    <Text12>Titre abrégé:</Text12>
    <Text1>Date de création:</Text1>
    <Text2>Branche:</Text2>
    <Text3>District:</Text3>
    <Text5>Ville:</Text5>
    <Text6>Adresse:</Text6>
    <Text7>Téléphone:</Text7>
    <Text19>Type d'activité:</Text19>
    <Text4>Adresse personnelle:</Text4>
  </MAIN_REPORT>
  <CreditSubreport.rpt>
    <Text1>Contract code</Text1>
    <Text2>Status</Text2>
    <Text3>Amount</Text3>
    <Text4>OLB</Text4>
    <Text5>Creation date</Text5>
    <Text6>Start date</Text6>
    <Text7>Close date</Text7>
    <Text8>Group</Text8>
    <Text9>Late days</Text9>
    <Text10>ATR</Text10>
  </CreditSubreport.rpt>
  <SavingsSubreport.rpt>
    <Text1>Savings code</Text1>
    <Text2>Balance</Text2>
    <Text3>Product name</Text3>
    <Text4>Product code</Text4>
    <Text5>Product type</Text5>
    <Text6>Creation date</Text6>
    <Text7>Closed date</Text7>
  </SavingsSubreport.rpt>
</label>