﻿<?xml version = '1.0' encoding = 'UTF-8'?>
<label>
  <MAIN_REPORT>
    <Text16>Informations sur l'entreprise</Text16>
    <Text9>Titre:</Text9>
    <Text10>Abreviação:</Text10>
    <Text11>Organização de ciclo:</Text11>
    <Text12>Titre abrégé:</Text12>
    <Text1>Data de criação:</Text1>
    <Text2>Sucursal:</Text2>
    <Text3>Distrito:</Text3>
    <Text5>Ville:</Text5>
    <Text6>Endereço:</Text6>
    <Text7>Téléphone:</Text7>
    <Text19>Tipo d'activité:</Text19>
    <Text4>Adresse personnelle:</Text4>
  </MAIN_REPORT>
  <CreditSubreport.rpt>
    <Text1>Código dos Contratos</Text1>
    <Text2>Estado</Text2>
    <Text3>Valor</Text3>
    <Text4>OLB</Text4>
    <Text5>Data de criação</Text5>
    <Text6>Data de início</Text6>
    <Text7>Fechar data</​​Text7>
    <Text8>Grupo</Text8>
    <Text9>dias de atraso</Text9>
    <Text10>ATR</Text10>
  </CreditSubreport.rpt>
  <SavingsSubreport.rpt>
    <Text1>Código de Poupança</Text1>
    <Text2>Balance</Text2>
    <Text3>Nome do produto</Text3>
    <Text4>Código do produto</Text4>
    <Text5>Tipo de produto</Text5>
    <Text6>Data de criação</Text6>
    <Text7>Data de fechamento</Text7>
  </SavingsSubreport.rpt>
</label>