<?xml version="1.0" encoding="utf-8"?>
<report order="0" attachmentPoint="LoanDetails" visibility="Corporate">
	<title>Corporate loan agreement</title>
    <description><![CDATA[Corporate loan agreement.]]></description>
    <param name="contract_id" label="Contract ID" type="int"/>
    
	<localized lang="pt">
		<title>Contrato de empréimo corporativo</title>
		<description><![CDATA[Contrato de empr?imo corporativo.]]></description>
		<param name="contract_id" label="ID do Contrato" type="int"/>
    </localized>
	
	<localized lang="ru-RU">
		<title>Корпоративный кредитный договор</title>
		<description><![CDATA[Корпоративный кредитный договор.]]></description>
        <param name="contract_id" label="Contract ID" type="int"/>
	</localized>
	
	<localized lang="fr">
		<title>Attestation de prêt à un professionnel</title>
		<description><![CDATA[Attestation de prêt à un professionnel.]]></description>
		<param name="contract_id" label="Contract ID" type="int"/>
	</localized>

</report>
