﻿<?xml version='1.0' encoding='UTF-8'?>
<label>
  <MAIN_REPORT>
    <Text9>Nome do cliente:</Text9>
    <Text1>ID do cliente:</Text1>
    <Text10>Código dos Contratos:</Text10>
    <Text11>Oficial de empréstimo:</Text11>
    <Text12>Valor:</Text12>
    <Text13>Taxa de inscrição:</Text13>
    <Text14>N º de parcelas:</Text14>
    <Text15>Data de desembolso:</Text15>
    <Text2>#</Text2>
    <Text3>Data</Text3>
    <Text4>Principal</Text4>
    <Text5>Interesse</Text5>
    <Text6>Total</Text6>
    <Text7>OLB</Text7>
  </MAIN_REPORT>
</label>