﻿<?xml version='1.0' encoding='UTF-8'?>
<label>
  <MAIN_REPORT>
    <Text16>Information sur la solidarité du groupe</Text16>
    <Text9>Nom:</Text9>
    <Text10>Date de reunion:</Text10>
    <Text11>Branche:</Text11>
    <Text12>Région:</Text12>
    <Text1>Réunion jour:</Text1>
    <Text2>Groupe de cycle:</Text2>
    <Text3>Région:</Text3>
    <Text4>Adresse du domicile:</Text4>
    <Text5>Ville:</Text5>
    <Text6>Adresse:</Text6>
    <Text7>Téléphone:</Text7>
    <Text8>Région:</Text8>
    <Text15>Adresse travail:</Text15>
    <Text14>Téléphone:</Text14>
    <Text17>Ville:</Text17>
  </MAIN_REPORT>
  <CreditSubreport.rpt>
    <Text1>Contract code</Text1>
    <Text2>Status</Text2>
    <Text3>Amount</Text3>
    <Text4>OLB</Text4>
    <Text5>Creation date</Text5>
    <Text6>Start date</Text6>
    <Text7>Close date</Text7>
    <Text8>Group</Text8>
    <Text9>Late days</Text9>
    <Text10>ATR</Text10>
  </CreditSubreport.rpt>
  <SavingsSubreport.rpt>
    <Text1>Savings code</Text1>
    <Text2>Balance</Text2>
    <Text3>Product name</Text3>
    <Text4>Product code</Text4>
    <Text5>Product type</Text5>
    <Text6>Creation date</Text6>
    <Text7>Closed date</Text7>
  </SavingsSubreport.rpt>
  <MemberHistoryreport.rpt>
    <Text1>Titre</Text1>
    <Text2>Numéro de passeport</Text2>
    <Text3>Date de naissance</Text3>
    <Text4>Paul</Text4>
    <Text5>Propriétaire</Text5>
    <Text6>Cycle</Text6>
    <Text7>Date d'entrée</Text7>
    <Text8>Date de la retraite</Text8>
    <Text9>Bad client</Text9>
  </MemberHistoryreport.rpt>
</label>