﻿<?xml version = '1.0' encoding = 'UTF-8'?>
<label>
  <MAIN_REPORT>
    <Text16>Informações sur la solidarité du groupe</Text16>
    <Text9>Nom:</Text9>
    <Text10>Data de reunião:</Text10>
    <Text11>Branche:</Text11>
    <Text12>Région:</Text12>
    <Text1>Réunion jour:</Text1>
    <Text2>Groupe de ciclo:</Text2>
    <Text3>Région:</Text3>
    <Text4>Adresse du domicílio:</Text4>
    <Text5>Ville:</Text5>
    <Text6>Endereço:</Text6>
    <Text7>Téléphone:</Text7>
    <Text8>Région:</Text8>
    <Text15>Adresse fadiga;</Text15>
    <Text14>Téléphone:</Text14>
    <Text17>Ville:</Text17>
  </MAIN_REPORT>
  <CreditSubreport.rpt>
    <Text1>Código dos Contratos</Text1>
    <Text2>Estado</Text2>
    <Text3>Valor</Text3>
    <Text4>OLB</Text4>
    <Text5>Data de criação</Text5>
    <Text6>Data de início</Text6>
    <Text7>Fechar data</​​Text7>
    <Text8>Grupo</Text8>
    <Text9>Dias de atraso</Text9>
    <Text10>ATR</Text10>
  </CreditSubreport.rpt>
  <SavingsSubreport.rpt>
    <Text1>Código de Poupança</Text1>
    <Text2>Balance</Text2>
    <Text3>Nome do produto</Text3>
    <Text4>Código do produto</Text4>
    <Text5>Tipo de produto</Text5>
    <Text6>Data de criação</Text6>
    <Text7>Data de fechamento</Text7>
  </SavingsSubreport.rpt>
  <MemberHistoryreport.rpt>
    <Text1>Titre</Text1>
    <Text2>Numéro de passeport</Text2>
    <Text3>Data de naissance</Text3>
    <Text4>Paul</Text4>
    <Text5>Propriétaire</Text5>
    <Text6>Ciclo</Text6>
    <Text7>Date d'entrée</Text7>
    <Text8>Data de la retraite</Text8>
    <Text9>Bad cliente</Text9>
  </MemberHistoryreport.rpt>
</label>