﻿<?xml version='1.0' encoding='UTF-8'?>
<label>
  <MAIN_REPORT>
    <Text1>Folha de recolha</Text1>
    <Text14>Nome do cliente</Text14>
    <Text15>Distrito</Text15>
    <Text16>Cidade</Text16>
    <Text17>Código dos Contratos</Text17>
    <Text18>Oficial de empréstimo</Text18>
    <Text3>Quantidade</Text3>
    <Text4>OLB</Text4>
    <Text5>Interesse</Text5>
    <Text6>Principal</Text6>
    <Text2>Número de telefone</Text2>
    <Text9>Total</Text9>
    <Text7>Taxa de câmbio:</Text7>
    <Text8>TOTAL</Text8>
  </MAIN_REPORT>
</label>