﻿<?xml version='1.0' encoding='UTF-8'?>
<label>
  <MAIN_REPORT>
    <Text2>Taxas de entrada</Text2>
    <Text3>Seguro</Text3>
    <Text19>Data pago</Text19>
    <Text21>Oficial de empréstimo</Text21>
    <Text29>Nome do Cliente</Text29>
    <Text28>Contrato n</Text28>
    <Text9>Recibo de Desembolso</Text9>
    <Text1>Taxas de entrada</Text1>
    <Text4>Seguro de Crédito</Text4>
  </MAIN_REPORT>
  <DisbursementCashReceipt_CustomerCopy>
    <Text35>Valor Recebido</Text35>
    <Text37>Nome do Cliente</Text37>
    <Text36>ID do cliente</Text36>
    <Text34>Assinatura do Cliente</Text34>
    <Text9>Total</Text9>
  </DisbursementCashReceipt_CustomerCopy>
</label>