﻿<?xml version='1.0' encoding='UTF-8'?>
<label>
  <MAIN_REPORT>
    <Text9>Salvando status do contrato {Rep_Saving_Contract_Info.date_of_day}</Text9>
    <Text10>Nome do cliente:</Text10>
    <Text11>Código dos Contratos:</Text11>
    <Text12>Data de criação:</Text12>
    <Text17>Dinheiro da conta :{Rep_Saving_Contract_Info.account_savings} {Rep_Saving_Contract_Info.currency_code}</Text17>
    <Text18>Conta poupança :{Rep_Saving_Contract_Info.account_cash} {Rep_Saving_Contract_Info.currency_code}</Text18>
    <Text19>Juros a pagar conta :{Rep_Saving_Contract_Info.account_payable_interests} {Rep_Saving_Contract_Info.currency_code}</Text19>
    <Text20>Juros sobre conta de depósito :{Rep_Saving_Contract_Info.interest_on_deposit_account} {Rep_Saving_Contract_Info.currency_code}</Text20>
    <Text1>Comissões :{Rep_Saving_Contract_Info.commissions} {Rep_Saving_Contract_Info.currency_code}</Text1>
  </MAIN_REPORT>
  <savings_events>
    <Text4>Data</Text4>
    <Text3>Descrição</Text3>
    <Text2>Quantidade</Text2>
    <Text1>Tipo de evento</Text1>
  </savings_events>
</label>