﻿<?xml version='1.0' encoding='UTF-8'?>
<label>
  <MAIN_REPORT>
    <Text9>Nome do cliente:</Text9>
    <Text10>Código dos Contratos:</Text10>
    <Text11>Oficial de empréstimo:</Text11>
    <Text12>Valor:</Text12>
    <Text13>Taxa de inscrição:</Text13>
    <Text14>N º de parcelas:</Text14>
    <Text15>Data de desembolso:</Text15>
    <Text1>ID do cliente:</Text1>
    <Text2>Moeda:</Text2>
    <Text3>Taxa de juros:</Text3>
    <Text4>{Rep_Contract_History_Info.interest_rate} %</Text4>
  </MAIN_REPORT>
  <Events.rpt>
    <Text6>Lista de eventos:</Text6>
    <Text22>Honorários</Text22>
    <Text21>Interesse</Text21>
    <Text20>Principal</Text20>
    <Text19>Data</Text19>
    <Text7>Tipo de evento</Text7>
    <Text1>Dias de atraso</Text1>
    <Text2>Principal</Text2>
    <Text3>Interesse</Text3>
    <Text5>Honorários</Text5>
    <Text9>Total</Text9>
  </Events.rpt>
  <RepaymentSchedule.rpt>
    <Text5>Horário:</Text5>
    <Text15>Total</Text15>
    <Text13>Interesse</Text13>
    <Text11>Principal</Text11>
    <Text9>Data</Text9>
    <Text7>#</Text7>
    <Text1>Principal pago</Text1>
    <Text2>Juros pagos</Text2>
    <Text3>Data de pagamento</Text3>
  </RepaymentSchedule.rpt>
</label>