<?xml version="1.0" encoding="utf-8"?>
<report attachmentPoint="LoanDetails" visibility="All">
    <title>Contract history</title>
    <description><![CDATA[Aggregate information about a contract etc.]]></description>
	<param name="contract_id" label="Contract id" type="int"/>

    <localized lang="pt">
		<title>Hist?ria contrato</title>
		<description><![CDATA[Agregar informa??es sobre um contrato etc.]]></description>
		<param name="contract_id" label="ID de contrato" type="int"/>
    </localized>
   
    <localized lang="ru-RU">
		<title>Данные о контракте</title>
		<description><![CDATA[Aggregate information about a contract etc.]]></description>
		<param name="contract_id" label="Contract id" type="int"/>
	</localized>
</report>
