﻿<?xml version='1.0' encoding='UTF-8'?>
<label>
  <MAIN_REPORT>
    <fn_footer>"reembolsos • " + CStr({?from}, "dd.MM.yyyy") + " — " + CStr({?to}, "dd.MM.yyyy") + " • " + 
Iif({?disbursed_in_name} = {?display_in_name}, {?disbursed_in_name}, {?disbursed_in_name} + " → " + {?display_in_name}) + " • " +
{?USER_NAME} + " • " + {?BRANCH_NAME}</fn_footer>
    <fn_written_off_title>if 1 = {Rep_Repayments.written_off} Then
  "Reembolsos cancelados por escrito"
else
  "Pagamentos regulares"</fn_written_off_title>
    <fn_written_off_total>If 1 = {Rep_Repayments.written_off} Then
  "Subtotal - reembolsos anulados"
Else
  "Subtotal - reembolsos regulares"</fn_written_off_total>
    <Text1>Reembolsos</Text1>
    <Text16>Produto</Text16>
    <Text18>Primeiro nome</Text18>
	<Text3>Sobrenome</Text3>
    <Text20>Oficial de empréstimo</Text20>
    <Text22>Distrito</Text22>
    <Text24>Principal</Text24>
    <Text27>Interesse</Text27>
    <Text29>Total</Text29>
    <Text4>Taxa de atraso</Text4>
	<Text5>Filial</Text5>
    <Text6>Pagamento antecipado</Text6>
    <Text12>Data</Text12>
    <Text14>Código dos Contratos</Text14>
    <Text2>TOTAL</Text2>
  </MAIN_REPORT>
</label>