<?xml version="1.0" encoding="utf-8"?>
<report order="0" attachmentPoint="SavingsDeposit" visibility="All">
	<guid>77b80f5e-bfb5-4b5e-9106-09e051408640</guid>
    <title>Cash receipt</title>
    <description><![CDATA[Cash receipt.]]></description>
    <params>
        <param name="saving_id" label="Saving ID" type="int"/>
    </params>

   <localized lang="pt">
    <title>Recibo</title>
    <description><![CDATA[Recibo.]]></description>
    <params>
        <param name="saving_id" label="salvando o ID" type="int"/>
    </params>
   </localized>


</report>
