﻿<?xml version='1.0' encoding='UTF-8'?>
<label>
  <MAIN_REPORT>
    <Text1>Estado garantia</Text1>
    <Text4>Garantia Decisão : {Rep_Guarantee_Status.contract_status}</Text4>
    <Text5>Garantir Data Comitê : {Rep_Guarantee_Status.guarantee_commitee_date}</Text5>
    <Text6>Nome do Cliente : {Rep_Guarantee_Status.client_name}</Text6>
    <Text7>Endereço do cliente : {Rep_Guarantee_Status.client_address}</Text7>
    <Text8>Cidade : {Rep_Guarantee_Status.client_city}</Text8>
    <Text9>Distrito : {Rep_Guarantee_Status.client_district}</Text9>
    <Text10>Código dos Contratos : {Rep_Guarantee_Status.contract_code}</Text10>
    <Text11>Honorários : {Rep_Guarantee_Status.guarantee_fees}</Text11>
    <Text12>Informações do Cliente</Text12>
    <Text13>Informações de Garantia</Text13>
    <Text15>Valor da garantia : {Rep_Guarantee_Status.guarantee_amount}</Text15>
    <Text16>Valor Garantido : {Rep_Guarantee_Status.amount_guaranted}</Text16>
    <Text18>Garantia Comentários Comitê :{Rep_Guarantee_Status.guarantee_commitee_comment}</Text18>
    <Text19>Oficial de empréstimo : {Rep_Guarantee_Status.loan_officer}</Text19>
    <Text21>Moeda : {Rep_Guarantee_Status.currency}</Text21>
    <Text22>Garantia Comité do Código : {Rep_Guarantee_Status.guarantee_commitee_code}</Text22>
    <Text23>Produto : {Rep_Guarantee_Status.guarantee_product}</Text23>
    <Text24>Informações Comité de Garantia</Text24>
    <Text2>Garantir : {Rep_Guarantee_Status.guarantee}</Text2>
    <Text3>Ativado : {Rep_Guarantee_Status.guarantee_activated}</Text3>
  </MAIN_REPORT>
</label>