﻿<?xml version='1.0' encoding='UTF-8'?>
<label>
  <MAIN_REPORT>
    <Text2>Quantidade</Text2>
    <Text3>Dados de identificação</Text3>
    <Text4>Nome do cliente</Text4>
    <Text9>Recibo de Desembolso</Text9>
    <Text29>Nome do cliente</Text29>
    <Text28>Contrato n</Text28>
    <Text19>Data pago</Text19>
    <Text21>Oficial de empréstimo</Text21>
    <Text1>Taxas de Inscrição</Text1>
    <Text37>Nome do cliente</Text37>
    <Text36>ID do cliente</Text36>
    <Text35>Valor Recebido</Text35>
    <Text34>Assinatura do Cliente</Text34>
  </MAIN_REPORT>
</label>