﻿<?xml version='1.0' encoding='UTF-8'?>
<label>
  <MAIN_REPORT>
	<Text2>Eventos de empréstimo para:</Text2>
    <Text9>Nome do cliente:</Text9>
    <Text10>Código dos Contratos:</Text10>
    <Text11>Oficial de empréstimo:</Text11>
    <Text12>Valor:</Text12>
    <Text13>Taxa de inscrição:</Text13>
    <Text14>N º de parcelas:</Text14>
    <Text15>Data de desembolso:</Text15>
    <Text1>ID do cliente:</Text1>
  </MAIN_REPORT>
  <LoanEvents.rpt>
    <Text1>Data</Text1>
    <Text2>Data de entrada</Text2>
    <Text3>Tipo</Text3>
    <Text4>Principal</Text4>
    <Text5>Interesse</Text5>
    <Text6>Comissões</Text6>
    <Text7>Penalidades</Text7>
    <Text8>Usuário</Text8>
    <Text9>Excluídos</Text9>
  </LoanEvents.rpt>
</label>