<?xml version="1.0" encoding="utf-8"?>
<report order="0" attachmentPoint="LoanEvents" visibility="All">
    <title>Loan's events</title>
    <description><![CDATA[Loan's events.]]></description>

	<localized lang="pt">
		<title>Eventos do empréstimo.</title>
		<description><![CDATA[Eventos do empréstimo.]]></description>
	</localized>
	
	<localized lang="ru-RU">
		<title>События кредита</title>
		<description><![CDATA[События кредита.]]></description>
	</localized>
	
	<localized lang="fr">
		<title>Evénements du prêt</title>
		<description><![CDATA[Evénements du prêt.]]></description>
	</localized>


</report>
