﻿<?xml version='1.0' encoding='UTF-8'?>
<label>
  <MAIN_REPORT>
    <fn_title>"Empréstimos inadimplentes"</fn_title>
    <fn_subtotal_loan_officer_product>"Subtotal — " + {Rep_Delinquent_Loans.loan_officer_name} + " — " + {Rep_Delinquent_Loans.product_name} + " (" + {Rep_Delinquent_Loans.product_code} + ")"</fn_subtotal_loan_officer_product>
    <Text14>Código dos Contratos</Text14>
    <Text18>Primeiro nome</Text18>
	<Text1>Sobrenome</Text1>
    <Text22>Distrito</Text22>
	<Text3>Produto</Text3>
	<Text2>Agente de crédito</Text2>
    <Text12>Data de início</Text12>
    <Text25>Data de término</Text25>
    <Text24>Quantidade</Text24>
    <Text28>Principal pago</Text28>
    <Text29>OLB</Text29>
    <Text30>Principais tarde</Text30>
    <Text31>Juros de mora</Text31>
    <Text32>Pena</Text32>
    <Text8>Dias de atraso</Text8>
    <Text11>TOTAL</Text11>
  </MAIN_REPORT>
</label>
