﻿<?xml version='1.0' encoding='UTF-8'?>
<label>
  <MAIN_REPORT>
    <fn_late_days>if Trim({Rep_OLB_and_LLP.rescheduled})="" Then
(
    If 0 = {Rep_OLB_and_LLP.range_from} Then
        "Não tarde"
    Else If {Rep_OLB_and_LLP.range_from} &gt; 365 Then
        "Mais de 365 dias"
    Else
        "Atrasado de " + CStr({Rep_OLB_and_LLP.range_from}, 0) + " to " + CStr({Rep_OLB_and_LLP.range_to}, 0) + " dias"
)
Else If Trim({Rep_OLB_and_LLP.rescheduled})&lt;&gt;"" Then
""</fn_late_days>
    <fn_subtotal>If trim({Rep_OLB_and_LLP.rescheduled})="" Then
(If 0 = {Rep_OLB_and_LLP.range_from} Then
    "Subtotal - não tarde"
Else If {Rep_OLB_and_LLP.range_from} &gt; 365 Then
    "Subtotal - mais de 365 dias"
Else
    "Subtotal - de " + CStr({Rep_OLB_and_LLP.range_from}, 0) + " to " + CStr({Rep_OLB_and_LLP.range_to}, 0) + " dias"
)
Else If trim({Rep_OLB_and_LLP.rescheduled})&lt;&gt;"" Then 
"Subtotal - remarcado"
</fn_subtotal>
    <fn_title>"OLB LLP e empréstimo por"</fn_title>
    <Text18>Código dos Contratos</Text18>
    <Text22>LLP</Text22>
    <Text25>LLP, %</Text25>
    <Text27>OLB</Text27>
    <Text31>Dias de atraso</Text31>
    <Text33>Interesse</Text33>
    <Text37>Primeiro nome</Text37>
	<Text6>Sobrenome</Text6>
    <Text1>Oficial de empréstimo</Text1>
    <Text3>Data de início</Text3>
    <Text4>Feche data</Text4>
	<Text5>Filial</Text5>
    <Text2>Nome distrito</Text2>
    <Text39>TOTAL</Text39>
  </MAIN_REPORT>
</label>
