﻿<?xml version = '1.0' encoding = 'UTF-8'?>
<label>
  <MAIN_REPORT>
    <Text1>Comissão de Avaliação</Text1>
    <Text4>Decisão de Crédito: {Rep_Committee_Appraisal.status}</Text4>
    <Text5>Dados Comitê de Crédito: {Rep_Committee_Appraisal.credit_commitee_date}</Text5>
    <Text6>Nome do Cliente: {Rep_Committee_Appraisal.client_name}</Text6>
    <Text7>endereco do Cliente: {Rep_Committee_Appraisal.address}</Text7>
    <Text8>Cidade: {Rep_Committee_Appraisal.city}</Text8>
    <Text9>Distrito: {Rep_Committee_Appraisal.district}</Text9>
    <Texto10>ID fazer Contrato: {Rep_Committee_Appraisal.contract_id}</Texto10>
    <Text11>Prazo de carência: {Rep_Committee_Appraisal.grace_period}</Text11>
    <Text12>Informações do Cliente</Text12>
    <Text13>Informações de Crédito</Text13>
    <Text15>Número de parcelas: {Rep_Committee_Appraisal.nb_of_installment}</Text15>
    <Text16>Quantidade: {Rep_Committee_Appraisal.amount}</Text16>
    <Text17>comprimento fazer Empréstimo: {Rep_Committee_Appraisal.loan_length}</Text17>
    <Text18>Comentários do Comitê de Crédito: {Rep_Committee_Appraisal.credit_commitee_comment}</Text18>
    <Text19>oficial de Empréstimo: {Rep_Committee_Appraisal.loan_officer}</Text19>
    <Text14>Taxa de Juros: {@interestRate}%</Text14>
    <Text21>Moeda: {Rep_Committee_Appraisal.currency}</Text21>
    <Text22>Comité fazer Código de crédito: {Rep_Committee_Appraisal.credit_commitee_code}</Text22>
    <Text23>Produto: {Rep_Committee_Appraisal.product}</Text23>
    <Text24>Comitê de Crédito Informações</Text24>
  </MAIN_REPORT>
</label>