﻿<?xml version = '1.0' encoding = 'UTF-8'?>
<label>
  <MAIN_REPORT>
    <Text1>Comissão de Avaliação </Text1>
    <Text4>Decisão de Crédito:</Text4>
    <Text5>Dados Comitê de Crédito:</Text5>
    <Text6>Nome do Cliente:</Text6>
    <Text7>Endereco do Cliente:</Text7>
    <Text8>Cidade:</Text8>
    <Text9>Distrito:</Text9>
    <Text26>ID do Contrato:</Text26>
    <Text11>Prazo de carência:</Text11>
    <Text12>Informações do Cliente</Text12>
    <Text13>Informações de Crédito</Text13>
    <Text15>Número de parcelas:</Text15>
    <Text16>Quantidade:</Text16>
    <Text17>Comprimento do empréstimo:</Text17>
    <Text18>Comentários do Comitê de Crédito:</Text18>
    <Text19>Oficial de Empréstimo:</Text19>
    <Text32>Taxa de Juros:</Text32>
    <Text21>Moeda:</Text21>
    <Text36>Comité fazer Código de crédito:</Text36>
    <Text23>Produto:</Text23>
    <Text24>Comitê de Crédito Informações</Text24>
  </MAIN_REPORT>
</label>