﻿<?xml version="1.0" encoding="utf-8"?>
<report order="0" attachmentPoint="VillageDetails" visibility="NonSolidaryGroup">	
    <title>Village Disbursement sheet</title>
    <description><![CDATA[Village disbursement sheet.]]></description>
    <params>
        <param name="village_id" label="Village" type="query" hideIfRows="0"><![CDATA[SELECT id, name FROM dbo.Villages]]></param>
		<param name="display_in" label="Display in" type="query" hideIfRows="1" additional="true"><![CDATA[SELECT id, name FROM dbo.Currencies]]></param>
    </params>
	
	<localized lang="ru-RU">
        <title>График выдачи для группы без солидарной ответственности</title>
        <description><![CDATA[График выдачи для группы без солидарной ответственности.]]></description>  
		<param name="village_id" label="Группа без солидарной ответсвенности" type="query" hideIfRows="0"><![CDATA[SELECT id, name FROM dbo.Villages]]></param>
		<param name="display_in" label="Отображать в" type="query" hideIfRows="1" additional="true"><![CDATA[SELECT id, name FROM dbo.Currencies]]></param>
    </localized>
	
	<localized lang="fr">
        <title>Décaissement pour GNS</title>
        <description><![CDATA[Décaissement pour GNS.]]></description>  
		<param name="village_id" label="Groupe non solidaire" type="query" hideIfRows="0"><![CDATA[SELECT id, name FROM dbo.Villages]]></param>
		<param name="display_in" label="Affiché en" type="query" hideIfRows="1" additional="true"><![CDATA[SELECT id, name FROM dbo.Currencies]]></param>
    </localized>

 <localized lang="pt">
   <title>Folha de pagamento Grupo</title>
    <description><![CDATA[Folha de pagamento Grupo.]]></description>
    <params>
        <param name="village_id" label="grupo" type="query" hideIfRows="0"><![CDATA[SELECT id, name FROM dbo.Villages]]></param>
		<param name="display_in" label="Exibição em" type="query" hideIfRows="1" additional="true"><![CDATA[SELECT id, name FROM dbo.Currencies]]></param>
    </params>
	
 </localized>
 
</report>
