﻿<?xml version='1.0' encoding='UTF-8'?>
<label>
  <MAIN_REPORT>
    <fn_footer>"desembolsos • " + CStr({?start_date}, "dd.MM.yyyy") + " — " + 
CStr({?end_date}, "dd.MM.yyyy") + " • " +
Iif({?disbursed_in_name} = {?display_in_name}, {?disbursed_in_name}, {?disbursed_in_name} + " → " + {?display_in_name}) + " • " +
{?USER_NAME} + " • " + {?BRANCH_NAME}</fn_footer>
    <fn_subtotal>"Subtotal — " + {Rep_Disbursements.loan_officer}</fn_subtotal>
    <Text16>Desembolsos</Text16>
    <Text4>Quantidade</Text4>
    <Text5>Desembolsados</Text5>
    <Text6>Oficial de empréstimo</Text6>
    <Text3>Honorários</Text3>
    <Text2>Código dos Contratos</Text2>
    <Text10>Distrito</Text10>
    <Text9>Produto de empréstimo</Text9>
    <Text8>Cliente</Text8>
    <Text7>Ciclo</Text7>
    <Text11>Interesse</Text11>
	<Text12>Filial</Text12>
    <Text1>TOTAL</Text1>
  </MAIN_REPORT>
</label>