﻿<?xml version='1.0' encoding='UTF-8'?>
<label>
  <MAIN_REPORT>
    <Text9>Nome do cliente:</Text9>
    <Text10>Código dos Contratos:</Text10>
    <Text11>Oficial de empréstimo:</Text11>
    <Text12>Valor:</Text12>
    <Text13>Taxa de inscrição:</Text13>
    <Text14>N º de parcelas:</Text14>
    <Text15>Data de desembolso:</Text15>
    <Text1>ID do cliente:</Text1>
  </MAIN_REPORT>
  <RepaymentSchedule.rpt>
    <Text17>OLB</Text17>
    <Text15>Total</Text15>
    <Text13>Interesse</Text13>
    <Text11>Principal</Text11>
    <Text9>Data</Text9>
    <Text7>#</Text7>
  </RepaymentSchedule.rpt>
</label>