<?xml version="1.0" encoding="utf-8"?>
<report order="0" attachmentPoint="LoanRepayment" visibility="All">
    <title>Repayment schedule</title>
    <description><![CDATA[Repayment schedule.]]></description>
	<param name="contract_id" label="Contract ID" type="int"/>
    
	<localized lang="pt">
		<title>Cronograma de reembolso</title>
		<description><![CDATA[cronograma de reembolso.]]></description>
		<param name="contract_id" label="ID do Contrato" type="int"/>
    </localized>

	<localized lang="ru-RU">
		<title>График погашения</title>
		<description><![CDATA[График погашения.]]></description>
		<param name="contract_id" label="Contract ID" type="int"/>
	</localized>
	
	<localized lang="fr">
		<title>Planning prévisionnel des remboursements</title>
		<description><![CDATA[Planning prévisionnel des remboursements.]]></description>
		<param name="contract_id" label="Contract ID" type="int"/>
	</localized>

</report>
