﻿<?xml version='1.0' encoding='UTF-8'?>
<label>
  <MAIN_REPORT>
    <Text1>Liste des remboursements</Text1>
    <Text2>Signature du C.d.G………………………………………….       Agent de crédit Signature                            Signature du comptable……………………</Text2>
    <Text3>Prime du chef de groupe</Text3>
    <Text4>%rbsmt</Text4>
    <Text5>Montant</Text5>
    <Text6>Tous les membres ont-ils remboursé ? </Text6>
    <Text7>Oui</Text7>
    <Text8>Non</Text8>
    <Text12>100% remboursement 1% prime</Text12>
    <Text9>1</Text9>
    <Text10>2</Text10>
    <Text11>3
</Text11>
    <Text13>95%-99% Rbsmt 0.8% prime</Text13>
    <Text14>rbsmt &lt; 95% 0.5% prime</Text14>
  </MAIN_REPORT>
  <VillageCollectionSheet>
    <Text1>Nom</Text1>
    <Text2>VB Grp</Text2>
    <Text4>Int rate</Text4>
    <Text5>Durée du prêt (mois)</Text5>
    <Text6>Montant du prêt</Text6>
    <Text7>Nbre de cycles</Text7>
    <Text8>Total payé</Text8>
    <Text9>Solde de crédit</Text9>
    <Text10>Total dû à la date</Text10>
    <Text11>KRD</Text11>
    <Text12>Int dûs à l'échéance</Text12>
    <Text13>Total dû</Text13>
    <Text14>No</Text14>
    <Text15>ID Client</Text15>
    <Text16>Solde d'ouverture</Text16>
    <Text17>Montant dû</Text17>
    <Text3>Montant payé</Text3>
    <Text18>Principal</Text18>
    <Text19>Intérêt</Text19>
    <Text20>Impayés</Text20>
    <Text21>Intérêt </Text21>
    <Text22>Principal</Text22>
  </VillageCollectionSheet>
  <VillageInfo>
    <Text2>Branche</Text2>
    <Text3>Daté</Text3>
    <Text4>Village bank name</Text4>
    <Text6>Date remboursement</Text6>
    <Text7>Date déboursement</Text7>
    <Text8>Dernier remboursement le </Text8>
    <Text9>Prochain remboursement le      _______________</Text9>
  </VillageInfo>
</label>