﻿<?xml version="1.0" encoding="utf-8"?>
<report order="2">
    <title>EXCEL - Closed Contracts</title>
    <description><![CDATA[Closed Contracts during a period.]]></description>
	<param name="roles" label="" type="role" default="SUPER,CASHI,LOF,VISIT,ADMIN"/>
	<param name="beginDate" label="From" type="date"/>
    <param name="endDate" label="To" type="date"/>
	<param name="disbursed_in" label="Disbursed in" type="query" hideIfRows="2"><![CDATA[SELECT 0, 'ALL' UNION ALL SELECT id, name FROM dbo.Currencies]]></param>
    <param name="display_in" label="Display in" type="query" hideIfRows="1"><![CDATA[SELECT id, name FROM dbo.Currencies]]></param>
	<param name="branch_id" label="Branch" type="query" hideIfRows="2"><![CDATA[
		SELECT 0, 'All branches'
		UNION ALL
		SELECT DISTINCT id, name
		FROM dbo.Branches b
		INNER JOIN dbo.UsersBranches ub ON ub.branch_id = b.id
		WHERE ub.user_id = {USER_ID}
	]]></param>

    <localized lang="ru-RU">
    <title>Закрытые кредиты</title>
    <description><![CDATA[Детальный отчет по кредитам, закрытым в указанный период.]]></description>
    <param name="roles" label="" type="role" default="SUPER,CASHI,LOF,VISIT,ADMIN"/>
	<param name="beginDate" label="С" type="date"/>
    <param name="endDate" label="По" type="date"/>
	<param name="disbursed_in" label="Выдачи в" type="query" hideIfRows="2"><![CDATA[SELECT 0, N'Все валюты' UNION ALL SELECT id, name FROM dbo.Currencies]]></param>
    <param name="display_in" label="Показывать в" type="query" hideIfRows="1"><![CDATA[SELECT id, name FROM dbo.Currencies]]></param>
	<param name="branch_id" label="Филиал" type="query" hideIfRows="2"><![CDATA[
		SELECT 0, N'Все филиалы'
		UNION ALL
		SELECT DISTINCT id, name
		FROM dbo.Branches b
		INNER JOIN dbo.UsersBranches ub ON ub.branch_id = b.id
		WHERE ub.user_id = {USER_ID}
	]]></param>
    </localized>

    <localized lang="fr">
    <title>Crédits clôturés</title>
    <description><![CDATA[Liste des crédits clôturés sur une période donnée, triée par date de clôture. Code contrat, nom du client, agent de crédit, date de déboursement et date de clôture, montant déboursé.]]></description>
    <param name="roles" label="" type="role" default="SUPER,CASHI,LOF,VISIT,ADMIN"/>
	<param name="beginDate" label="Date de début" type="date"/>
    <param name="endDate" label="Date de fin" type="date"/>
	<param name="disbursed_in" label="Déboursé en" type="query" hideIfRows="2"><![CDATA[SELECT 0, 'ALL' UNION ALL SELECT id, name FROM dbo.Currencies]]></param>
    <param name="display_in" label="Affiché en" type="query" hideIfRows="1"><![CDATA[SELECT id, name FROM dbo.Currencies]]></param>
	<param name="branch_id" label="Branche" type="query" hideIfRows="2"><![CDATA[
		SELECT 0, N'Toutes les branches'
		UNION ALL
		SELECT DISTINCT id, name
		FROM dbo.Branches b
		INNER JOIN dbo.UsersBranches ub ON ub.branch_id = b.id
		WHERE ub.user_id = {USER_ID}
	]]></param>
    </localized>


 <localized lang="pt">
    <title>Contratos fechados</title>
    <description><![CDATA[Contratos fechados durante um período.]]></description>
    <param name="roles" label="" type="role" default="SUPER,CASHI,LOF,VISIT,ADMIN"/>
	<param name="beginDate" label="de" type="date"/>
    <param name="endDate" label="Para" type="date"/>
	<param name="disbursed_in" label="desembolsados ​​em" type="query" hideIfRows="2"><![CDATA[SELECT 0, 'ALL' UNION ALL SELECT id, name FROM dbo.Currencies]]></param>
    <param name="display_in" label="Exibição em" type="query" hideIfRows="1"><![CDATA[SELECT id, name FROM dbo.Currencies]]></param>
	<param name="branch_id" label="Branch" type="query" hideIfRows="2"><![CDATA[
		SELECT 0, 'All branches'
		UNION ALL
		SELECT DISTINCT id, name
		FROM dbo.Branches b
		INNER JOIN dbo.UsersBranches ub ON ub.branch_id = b.id
		WHERE ub.user_id = {USER_ID}
	]]></param>
 </localized>

  <tags>
    <tag>Main</tag>
    <tag><![CDATA[Loans]]></tag>
  </tags>

  <localized lang="ru-RU">
    <tags>
      <tag>Main</tag>
      <tag><![CDATA[Кредиты]]></tag>
    </tags>
  </localized>

  <localized lang="fr">
    <tags>
      <tag>Main</tag>
      <tag><![CDATA[Crédit]]></tag>
    </tags>
  </localized>

  <localized lang="es-ES">
    <tags>
      <tag>Main</tag>
      <tag><![CDATA[Crédito]]></tag>
    </tags>
  </localized>

  <localized lang="pt">
    <tags>
      <tag>Main</tag>
      <tag><![CDATA[Crédito]]></tag>
    </tags>
  </localized>
	
</report>
