﻿<?xml version = '1.0' encoding = 'UTF-8'?>
<label>
  <MAIN_REPORT>
    <Text16>Cliente informações pessoais</Text16>
    <Text9>Nome:</Text9>
    <Text10>Nome do pai:</Text10>
    <Text11>número de identificação:</Text11>
    <Text12>Sexo:</Text12>
    <Text1>Último nome:</Text1>
    <Text2>Data de nascimento:</Text2>
    <Text3>Distrito:</Text3>
    <Text4>Endereço pessoal:</Text4>
    <Text5>Cidade:</Text5>
    <Text6>Endereço:</Text6>
    <Text7>Telefone:</Text7>
    <Text8>Distrito:</Text8>
    <Text13>Endereço comercial:</Text13>
    <Text14>Cidade:</Text14>
    <Text15>Endereço:</Text15>
    <Text17>Telefone:</Text17>
    <Text18>Telefone:</Text18>
  </MAIN_REPORT>
  <CreditSubreport.rpt>
    <Text1>Código dos Contratos</Text1>
    <Text2>Estado</Text2>
    <Text3>Valor</Text3>
    <Text4>OLB</Text4>
    <Text5>Data de criação</Text5>
    <Text6>Data de início</Text6>
    <Text7>Fechar data</​​Text7>
    <Text8>Grupo</Text8>
    <Text9>Dias de atraso</Text9>
    <Text10>ATR</Text10>
  </CreditSubreport.rpt>
  <SavingsSubreport.rpt>
    <Text1>Código de Poupança</Text1>
    <Text2>Balance</Text2>
    <Text3>Nome do produto</Text3>
    <Text4>Código do produto</Text4>
    <Text5>Tipo de produto</Text5>
    <Text6>Data de criação</Text6>
    <Text7>Data de fechamento</Text7>
  </SavingsSubreport.rpt>
</label>