﻿<?xml version='1.0' encoding='UTF-8'?>
<label>
  <MAIN_REPORT>
    <fn_footer>"Análise PAR • " + CStr({?date}, "dd.MM.yyyy") + " • " + 
Iif({?disbursed_in_name} = {?display_in_name}, {?disbursed_in_name}, {?disbursed_in_name} + " → " + {?display_in_name}) + " • " +
{?subordinate_id_name} + " • " + {?branch_id_name}</fn_footer>
    <Text1>Análise PAR</Text1>
  </MAIN_REPORT>
  <Rep_PAR_by_Activity.rpt>
    <fn_break_down_title>"A atividade econômica"</fn_break_down_title>
    <Text51>PAR 30</Text51>
    <Text47>PAR 1-30</Text47>
    <Text43>PAR 31-60</Text43>
    <Text39>PAR 61-90</Text39>
    <Text35>PAR 91-180</Text35>
    <Text27>PAR 181-365</Text27>
    <Text26>PAR 365</Text26>
    <Text5>OLB</Text5>
    <Text7>PAR30/OLB</Text7>
    <Text9>PAR/OLB</Text9>
    <Text10>PAR</Text10>
    <Text29>Clientes</Text29>
    <Text30>Contratos</Text30>
    <Text2>TOTAL</Text2>
    <Text3>Clientes</Text3>
    <Text4>Contratos</Text4>
  </Rep_PAR_by_Activity.rpt>
  <Rep_PAR_by_District.rpt>
    <fn_break_down_title>"Distrito"</fn_break_down_title>
    <Text51>PAR 30</Text51>
    <Text47>PAR 1-30</Text47>
    <Text43>PAR 31-60</Text43>
    <Text39>PAR 61-90</Text39>
    <Text35>PAR 91-180</Text35>
    <Text27>PAR 181-365</Text27>
    <Text26>PAR 365</Text26>
    <Text5>OLB</Text5>
    <Text7>PAR30/OLB</Text7>
    <Text9>PAR/OLB</Text9>
    <Text10>PAR</Text10>
    <Text29>Clientes</Text29>
    <Text30>Contratos</Text30>
    <Text2>TOTAL</Text2>
    <Text3>Clientes</Text3>
    <Text4>Contratos</Text4>
  </Rep_PAR_by_District.rpt>
  <Rep_PAR_by_Loan_Officer.rpt>
    <fn_break_down_title>"Loan officer"</fn_break_down_title>
    <Text51>PAR 30</Text51>
    <Text47>PAR 1-30</Text47>
    <Text43>PAR 31-60</Text43>
    <Text39>PAR 61-90</Text39>
    <Text35>PAR 91-180</Text35>
    <Text27>PAR 181-365</Text27>
    <Text26>PAR 365</Text26>
    <Text5>OLB</Text5>
    <Text7>PAR30/OLB</Text7>
    <Text9>PAR/OLB</Text9>
    <Text10>PAR</Text10>
    <Text29>Clientes</Text29>
    <Text30>Contratos</Text30>
    <Text2>TOTAL</Text2>
    <Text3>Clientes</Text3>
    <Text4>Contratos</Text4>
  </Rep_PAR_by_Loan_Officer.rpt>
  <Rep_PAR_by_Product.rpt>
    <fn_break_down_title>"Produto"</fn_break_down_title>
    <Text51>PAR 30</Text51>
    <Text47>PAR 1-30</Text47>
    <Text43>PAR 31-60</Text43>
    <Text39>PAR 61-90</Text39>
    <Text35>PAR 91-180</Text35>
    <Text27>PAR 181-365</Text27>
    <Text26>PAR 365</Text26>
    <Text5>OLB</Text5>
    <Text7>PAR30/OLB</Text7>
    <Text9>PAR/OLB</Text9>
    <Text10>PAR</Text10>
    <Text29>Clientes</Text29>
    <Text30>Contratos</Text30>
    <Text2>TOTAL</Text2>
    <Text3>Clientes</Text3>
    <Text4>Contratos</Text4>
  </Rep_PAR_by_Product.rpt>
</label>