﻿<?xml version="1.0" encoding="utf-8"?>
<report order="0">
	<title>PAR Analysis</title>
	<description><![CDATA[Aggregated report on portfolio at risk with data grouped by districts, loan officers, and loan products.]]></description>
    <param name="roles" label="" type="role" default="SUPER,CASHI,LOF,VISIT,ADMIN"/>
	<param name="date" label="As of" type="date"/>
	<param name="disbursed_in" label="Disbursed in" type="query" hideIfRows="2"><![CDATA[
		 
		SELECT 0, 'All currencies'
		UNION ALL
		SELECT id, name
		FROM dbo.Currencies
	 
	]]></param>
    <param name="display_in" label="Display in" type="query" hideIfRows="1"><![CDATA[SELECT id, name FROM dbo.Currencies]]></param>
	<param name="branch_id" label="Branch" type="query" multiselect="yes" hideIfRows="2"><![CDATA[
		 
 
			SELECT 0, 'All branches'
			UNION ALL
			SELECT DISTINCT id, name
			FROM dbo.Branches b
			INNER JOIN dbo.UsersBranches ub ON ub.branch_id = b.id
			WHERE ub.user_id = {USER_ID}
		 
	]]></param>
	<param name="subordinate_id" label="Subordinate" type="query" hideIfRows="2"><![CDATA[
		 

		DECLARE @users TABLE (id INT NOT NULL, name NVARCHAR(100))

		INSERT INTO @users
		SELECT 0, 'All subordinates'

		INSERT INTO @users
		SELECT id, first_name + ' ' + last_name
		FROM dbo.Users
		WHERE id = {USER_ID}

		 
			INSERT INTO @users
			SELECT id, first_name + ' ' + last_name
			FROM dbo.Users
			WHERE id IN
			(
				SELECT subordinate_id 
				FROM dbo.UsersSubordinates
				WHERE user_id = {USER_ID}
			)
		 
		SELECT * FROM @users
	]]></param>

    <localized lang="ru-RU">
        <title>Анализ портфеля в риске</title>
        <description><![CDATA[Сводный отчет по анализу рисков с группировкой по районам, кредитным специалистам и кредитным продуктам.]]></description>
        <param name="roles" label="" type="role" default="SUPER,CASHI,LOF,VISIT,ADMIN"/>
		<param name="date" label="На" type="date"/>
		<param name="disbursed_in" label="Выданные в" type="query" hideIfRows="2"><![CDATA[
		 

			SELECT 0, N'Все валюты'
			UNION ALL
			SELECT id, name
			FROM dbo.Currencies
			 
		]]></param>
        <param name="display_in" label="Показывать в" type="query" hideIfRows="1"><![CDATA[SELECT id, name FROM dbo.Currencies]]></param>
		<param name="branch_id" label="Филиал" type="query" multiselect="yes" hideIfRows="2"><![CDATA[
			 
				SELECT 0, N'Все филиалы'
				UNION ALL
				SELECT DISTINCT id, name
				FROM dbo.Branches b
				INNER JOIN dbo.UsersBranches ub ON ub.branch_id = b.id
				WHERE ub.user_id = {USER_ID}
			 
		]]></param>
		<param name="subordinate_id" label="Подчинённый" type="query" hideIfRows="2"><![CDATA[
			 

			DECLARE @users TABLE (id INT NOT NULL, name NVARCHAR(100))

			INSERT INTO @users
			SELECT 0, N'Все подчинённые'

			INSERT INTO @users
			SELECT id, first_name + ' ' + last_name
			FROM dbo.Users
			WHERE id = {USER_ID}

			 
				INSERT INTO @users
				SELECT id, first_name + ' ' + last_name
				FROM dbo.Users
				WHERE id IN
				(
					SELECT subordinate_id 
					FROM dbo.UsersSubordinates
					WHERE user_id = {USER_ID}
				)
			 
			SELECT * FROM @users
		]]></param>
    </localized>
	
	<localized lang="fr">
        <title>Portefeuille à risque</title>
		<description><![CDATA[Statistiques sur le portefeuille à risque, groupement des données par districts, agents de crédit, produits de prêt et activité économique.]]></description>
		<param name="roles" label="" type="role" default="SUPER,CASHI,LOF,VISIT,ADMIN"/>
		<param name="date" label="Date" type="date"/>
		<param name="disbursed_in" label="Déboursé en" type="query" hideIfRows="2"><![CDATA[
			 

			SELECT 0, N'Toutes les monnaies'
			UNION ALL
			SELECT id, name
			FROM dbo.Currencies
			 
		]]></param>
		<param name="display_in" label="Affiché en" type="query" hideIfRows="1"><![CDATA[SELECT id, name FROM dbo.Currencies]]></param>	
		<param name="branch_id" label="Branche" type="query" multiselect="yes" hideIfRows="2"><![CDATA[
			 
				SELECT 0, N'Toutes les branches'
				UNION ALL
				SELECT DISTINCT id, name
				FROM dbo.Branches b
				INNER JOIN dbo.UsersBranches ub ON ub.branch_id = b.id
				WHERE ub.user_id = {USER_ID}
			 
		]]></param>
		<param name="subordinate_id" label="Subordonné" type="query" hideIfRows="2"><![CDATA[
			 

			DECLARE @users TABLE (id INT NOT NULL, name NVARCHAR(100))

			INSERT INTO @users
			SELECT 0, N'Tous les subordonnés'

			INSERT INTO @users
			SELECT id, first_name + ' ' + last_name
			FROM dbo.Users
			WHERE id = {USER_ID}

			 
				INSERT INTO @users
				SELECT id, first_name + ' ' + last_name
				FROM dbo.Users
				WHERE id IN
				(
					SELECT subordinate_id 
					FROM dbo.UsersSubordinates
					WHERE user_id = {USER_ID}
				)
			 

			SELECT * FROM @users
		]]></param>
    </localized>



 <localized lang="pt">
<title>Análise PAR</title>
	<description><![CDATA[Relatório agregado sobre a carteira em risco com dados agrupados por distritos, oficiais de crédito, e produtos de empréstimos.]]></description>
    <param name="roles" label="" type="role" default="SUPER,CASHI,LOF,VISIT,ADMIN"/>
	<param name="date" label="A partir de" type="date"/>
	<param name="disbursed_in" label="Desembolsados ​​em" type="query" hideIfRows="2"><![CDATA[
		 

		SELECT 0, 'All currencies'
		UNION ALL
		SELECT id, name
		FROM dbo.Currencies
		 
	]]></param>
    <param name="display_in" label="Exibição em" type="query" hideIfRows="1"><![CDATA[SELECT id, name FROM dbo.Currencies]]></param>
	<param name="branch_id" label="Sucursal" type="query" multiselect="yes" hideIfRows="2"><![CDATA[
		 

	 
			SELECT 0, 'All branches'
			UNION ALL
			SELECT DISTINCT id, name
			FROM dbo.Branches b
			INNER JOIN dbo.UsersBranches ub ON ub.branch_id = b.id
			WHERE ub.user_id = {USER_ID}
		 
	]]></param>
	<param name="subordinate_id" label="Subordinar" type="query" hideIfRows="2"><![CDATA[
		 

		DECLARE @users TABLE (id INT NOT NULL, name NVARCHAR(100))

		INSERT INTO @users
		SELECT 0, 'Todos os subordinates'

		INSERT INTO @users
		SELECT id, first_name + ' ' + last_name
		FROM dbo.Users
		WHERE id = {USER_ID}

	 
			INSERT INTO @users
			SELECT id, first_name + ' ' + last_name
			FROM dbo.Users
			WHERE id IN
			(
				SELECT subordinate_id 
				FROM dbo.UsersSubordinates
				WHERE user_id = {USER_ID}
			)
		 

		SELECT * FROM @users
	]]></param>
 </localized>

  <tags>
    <tag>Main</tag>
    <tag><![CDATA[Loans]]></tag>
  </tags>

  <localized lang="ru-RU">
    <tags>
      <tag>Main</tag>
      <tag><![CDATA[Кредиты]]></tag>
    </tags>
  </localized>

  <localized lang="fr">
    <tags>
      <tag>Main</tag>
      <tag><![CDATA[Crédit]]></tag>
    </tags>
  </localized>

  <localized lang="es-ES">
    <tags>
      <tag>Main</tag>
      <tag><![CDATA[Crédito]]></tag>
    </tags>
  </localized>

  <localized lang="pt">
    <tags>
      <tag>Main</tag>
      <tag><![CDATA[Crédito]]></tag>
    </tags>
  </localized>

</report>
