﻿<?xml version='1.0' encoding='UTF-8'?>
<label>
  <MAIN_REPORT>
    <fn_title>"Poupança ativos"</fn_title>
    <Text1>Por Produtos</Text1>
    <Text2>Por Atividades</Text2>
    <Text3>Por Distritos</Text3>
    <Text4>Por tamanho</Text4>
	<Text6>Por sucursal</Text6>
  </MAIN_REPORT>
  <Active_Savings_By_Activity>
    <Text3>Atividade</Text3>
    <Text4>Contratos</Text4>
    <Text5>Saldo</Text5>
    <Text25>TOTAL</Text25>
  </Active_Savings_By_Activity>
  <Active_Savings_By_District>
    <Text5>Saldo</Text5>
    <Text4>Contratos</Text4>
    <Text3>Distrito</Text3>
    <Text25>TOTAL</Text25>
  </Active_Savings_By_District>
  <Active_Savings_By_Product>
    <Text5>Saldo</Text5>
    <Text4>Contratos</Text4>
    <Text3>Nome do produto</Text3>
    <Text25>TOTAL</Text25>
  </Active_Savings_By_Product>
  <Rep_Active_Savings_By_Size>
    <Text9>Saldo</Text9>
    <Text5>Contratos</Text5>
    <Text14>Tamanho</Text14>
    <Text25>TOTAL</Text25>
  </Rep_Active_Savings_By_Size>
  <Rep_Active_Savings_By_Branch>
    <Text3>Nome da sucursal</Text3>
    <Text4>Contratos</Text4>
    <Text5>Saldo</Text5>
    <Text25>TOTAL</Text25>
  </Rep_Active_Savings_By_Branch>
</label>
