﻿<?xml version='1.0' encoding='UTF-8'?>
<label>
  <MAIN_REPORT>
    <Text473>TOTAL</Text473>
    <Text477>Penalidades</Text477>
    <Text480>Interesses</Text480>
    <Text482>Nome da Caixa</Text482>
    <Text491>Principal</Text491>
    <Text492>Valor Recebido</Text492>
    <Text495>TOTAL</Text495>
    <Text498>Interesses</Text498>
    <Text501>Principal</Text501>
    <Text502>Não. recibo</Text502>
    <Text503>Data de Vencimento:</Text503>
    <Text504>Contrato N º:</Text504>
    <Text505>Oficial de empréstimo:</Text505>
    <Text506>Pago Data:</Text506>
    <Text507>No parcela:</Text507>
    <Text508>Nome do grupo ou cliente:</Text508>
    <Text509>Recibo RESGATE</Text509>
    <Text510>Montante a ser pago</Text510>
    <Text512>Nome do Cliente</Text512>
    <Text513>Assinatura do Cliente</Text513>
    <Text1>Comissões</Text1>
    <Text2>Penalidades</Text2>
    <Text3>Assinatura da Caixa</Text3>
  </MAIN_REPORT>
</label>