﻿<?xml version='1.0' encoding='UTF-8'?>
<label>
  <MAIN_REPORT>
    <fn_footer>"Informação ao cliente • " + CStr({?from}, "dd.MM.yyyy") + " • " + 
Iif({?disbursed_in_name} = {?display_in_name}, {?disbursed_in_name}, 
{?disbursed_in_name} + " → " + {?display_in_name}) + " • " +
{?USER_NAME} + " • " + {?BRANCH_NAME}</fn_footer>
    <Text16>Informação ao cliente</Text16>
    <Text1>Id</Text1>
    <Text2>Nome do cliente</Text2>
    <Text3>Tipo</Text3>
    <Text4>Distrito</Text4>
    <Text5>Telefone pessoal</Text5>
    <Text6>Telefone pessoal 2</Text6>
    <Text8>Atividade</Text8>
    <Text9>Sexo</Text9>
    <Text10>Código dos Contratos</Text10>
    <Text11>Data de início</Text11>
    <Text12>Feche data</Text12>
    <Text13>Montante do empréstimo</Text13>
    <Text14>OLB</Text14>
    <Text15>Ciclo de empréstimos</Text15>
    <Text17>Administrador empréstimo</Text17>
    <Text18>Nome do produto</Text18>
    <Text19>Código do produto</Text19>
    <Text20>Nome garantidor</Text20>
    <Text21>Quantidade garantidor</Text21>
    <Text22>Colateral</Text22>
    <Text23>Quantidade collateral</Text23>
    <Text24>Prazo de carência</Text24>
    <Text25>Maturidade</Text25>
    <Text26>Taxa de juros</Text26>
    <Text27>Dias de atraso</Text27>
    <Text28>Costume #1</Text28>
    <Text29>Costume #2</Text29>
    <Text30>Costume #3</Text30>
    <Text31>Costume #4</Text31>
    <Text32>Costume #5</Text32>
    <Text33>Costume #6</Text33>
    <Text34>Costume #7</Text34>
    <Text35>Costume #8</Text35>
    <Text36>Costume #9</Text36>
    <Text37>Costume #10</Text37>
    <Text38>Nome do grupo</Text38>
    <Text39>Partes empréstimo</Text39>
  </MAIN_REPORT>
</label>