﻿<?xml version='1.0' encoding='UTF-8'?>
<label>
  <MAIN_REPORT>
    <fn_footer>"Informação ao cliente • " + CStr({?from}, "dd.MM.yyyy") + " • " + 
Iif({?disbursed_in_name} = {?display_in_name}, {?disbursed_in_name}, 
{?disbursed_in_name} + " → " + {?display_in_name}) + " • " +
{?USER_NAME} + " • " + {?BRANCH_NAME}</fn_footer>
    <Text16>Informação ao cliente</Text16>
    <Text1>Id</Text1>
    <Text78>Primeiro nome</Text78>
	<Text2>Apelido</Text2>
    <Text80>Tipo</Text80>
    <Text81>Distrito</Text81>
    <Text82>Telefone pessoal</Text82>
    <Text83>Telefone pessoal 2</Text83>
    <Text84>Atividade</Text84>
    <Text85>Sexo</Text85>
    <Text86>Código dos Contratos</Text86>
    <Text87>Data de início</Text87>
    <Text88>Feche data</Text88>
    <Text89>Montante do empréstimo</Text89>
    <Text90>OLB</Text90>
    <Text91>Ciclo de empréstimos</Text91>
    <Text92>Administrador empréstimo</Text92>
    <Text93>Nome do produto</Text93>
    <Text94>Código do produto</Text94>
    <Text95>Nome garantidor</Text95>
    <Text96>Quantidade garantidor</Text96>
    <Text97>Colateral</Text97>
    <Text98>Quantidade collateral</Text98>
    <Text99>Prazo de carência</Text99>
    <Text100>Maturidade</Text100>
    <Text101>Taxa de juros</Text101>
    <Text102>Dias de atraso</Text102>
    <Text103>Costume #1</Text103>
    <Text104>Costume #2</Text104>
    <Text105>Costume #3</Text105>
    <Text106>Costume #4</Text106>
    <Text107>Costume #5</Text107>
    <Text108>Costume #6</Text108>
    <Text109>Costume #7</Text109>
    <Text110>Costume #8</Text110>
    <Text111>Costume #9</Text111>
    <Text112>Costume #10</Text112>
    <Text113>Nome do grupo</Text113>
    <Text114>Partes empréstimo</Text114>
	<Text115>Sucursal</Text115>
  </MAIN_REPORT>
</label>