﻿<?xml version='1.0' encoding='UTF-8'?>
<label>
  <MAIN_REPORT>
      <fn_title>"Empréstimos ativos"</fn_title>
  </MAIN_REPORT>
  <Rep_Active_Loans_by_Activity.rpt>
    <fn_break_down_title>"Atividade"</fn_break_down_title>
    <Text22>Em grupos</Text22>
    <Text18>Clientes</Text18>
    <Text16>Corporativa</Text16>
    <Text14>Grupo</Text14>
    <Text12>Individual</Text12>
    <Text11>Contratos</Text11>
    <Text20>Projetos</Text20>
    <Text1>OLB</Text1>
    <Text25>TOTAL</Text25>
  </Rep_Active_Loans_by_Activity.rpt>
  <Rep_Active_Loans_by_Currency.rpt>
    <fn_break_down_title>"Moeda"</fn_break_down_title>
    <Text22>Em grupos</Text22>
    <Text18>Clientes</Text18>
    <Text16>Corporativa</Text16>
    <Text14>Grupo</Text14>
    <Text12>Individual</Text12>
    <Text11>Contratos</Text11>
    <Text20>Projetos</Text20>
    <Text1>OLB</Text1>
    <Text25>TOTAL</Text25>
  </Rep_Active_Loans_by_Currency.rpt>
  <Rep_Active_Loans_by_District.rpt>
    <fn_break_down_title>"Distrito"</fn_break_down_title>
    <Text22>Em grupos</Text22>
    <Text18>Clientes</Text18>
    <Text16>Corporativa</Text16>
    <Text14>Grupo</Text14>
    <Text12>Individual</Text12>
    <Text11>Contratos</Text11>
    <Text20>Projetos</Text20>
    <Text1>OLB</Text1>
    <Text25>TOTAL</Text25>
  </Rep_Active_Loans_by_District.rpt>
  <Rep_Active_Loans_by_Interest_Rate.rpt>
    <fn_break_down_title>"Taxa de juro"</fn_break_down_title>
    <Text22>Em grupos</Text22>
    <Text18>Clientes</Text18>
    <Text16>Corporativa</Text16>
    <Text14>Grupo</Text14>
    <Text12>Individual</Text12>
    <Text11>Contratos</Text11>
    <Text20>Projetos</Text20>
    <Text1>OLB</Text1>
    <Text25>TOTAL</Text25>
  </Rep_Active_Loans_by_Interest_Rate.rpt>
  <Rep_Active_Loans_by_Loan_Officer.rpt>
    <fn_break_down_title>"Oficial de empréstimo"</fn_break_down_title>
    <Text22>Em grupos</Text22>
    <Text18>Clientes</Text18>
    <Text16>Corporativa</Text16>
    <Text14>Grupo</Text14>
    <Text12>Individual</Text12>
    <Text11>Contratos</Text11>
    <Text20>Projetos</Text20>
    <Text1>OLB</Text1>
    <Text25>TOTAL</Text25>
  </Rep_Active_Loans_by_Loan_Officer.rpt>
  <Rep_Active_Loans_by_Loan_Size.rpt>
    <fn_break_down_title>"Tamanho de Empréstimo"</fn_break_down_title>
    <Text22>Em grupos</Text22>
    <Text18>Clientes</Text18>
    <Text16>Corporativa</Text16>
    <Text14>Grupo</Text14>
    <Text12>Individual</Text12>
    <Text11>Contratos</Text11>
    <Text20>Projetos</Text20>
    <Text1>OLB</Text1>
    <Text25>TOTAL</Text25>
  </Rep_Active_Loans_by_Loan_Size.rpt>
  <Rep_Active_Loans_by_Product.rpt>
    <fn_break_down_title>"Produto de empréstimo"</fn_break_down_title>
    <Text22>Em grupos</Text22>
    <Text18>Clientes</Text18>
    <Text16>Corporativa</Text16>
    <Text14>Grupo</Text14>
    <Text12>Individual</Text12>
    <Text11>Contratos</Text11>
    <Text20>Projetos</Text20>
    <Text1>OLB</Text1>
    <Text25>TOTAL</Text25>
  </Rep_Active_Loans_by_Product.rpt>
  <Rep_Active_Loans_by_Branch>
    <fn_break_down_title>"Produto de sucursais"</fn_break_down_title>
    <Text22>Em grupos</Text22>
    <Text18>Clientes</Text18>
    <Text2>Corporativa</Text2>
    <Text3>Grupo</Text3>
    <Text4>Individual</Text4>
    <Text5>Contratos</Text5>
    <Text20>Projetos</Text20>
    <Text1>OLB</Text1>
    <Text6>TOTAL</Text6>
  </Rep_Active_Loans_by_Branch>
</label>
