﻿<?xml version='1.0' encoding='UTF-8'?>
<label>
  <MAIN_REPORT>
    <fn_footer>"empréstimos ativos • " + CStr({?date}, "dd.MM.yyyy") + " • " + 
Iif({?disbursed_in_name} = {?display_in_name}, {?disbursed_in_name}, {?disbursed_in_name} + " → " + {?display_in_name}) + " • " +
{?USER_NAME} + " • " + {?BRANCH_NAME}</fn_footer>
    <Text1>Salvando status do contrato</Text1>
    <Text10>Nome do cliente:</Text10>
    <Text11>Código dos Contratos:</Text11>
    <Text12>Data de criação:</Text12>
    <Text5>Saldo anterior para</Text5>
    <Text6>Novo equilíbrio em</Text6>
  </MAIN_REPORT>
  <Rep_Saving_Contract_Events.rpt>
    <Text2>Data</Text2>
    <Text4>Data-valor</Text4>
    <Text5>Natureza do evento</Text5>
    <Text6>Honorários</Text6>
    <Text7>Débito</Text7>
    <Text8>Crédito</Text8>
    <Text25>TOTAL</Text25>
  </Rep_Saving_Contract_Events.rpt>
</label>