﻿<?xml version='1.0' encoding='UTF-8'?>
<label>
  <MAIN_REPORT>
    <Text509>{last_event} Recibo de caixa</Text509>
    <Text504>Código dos contrato: {contract_code}</Text504>
	<Text9>Nome do cliente: {client_name}</Text9>
    <Text14>Saldo antes {last_event}</Text14>
	<Text512>Nome do cliente</Text512>
    <Text3>Honorários: {last_event_fees}</Text3>
    <Text513>Assinatura do Cliente</Text513>
    <Text16>Equilíbrio após {last_event}</Text16>
    <Text21>Assinatura do caixa</Text21>
  </MAIN_REPORT>
  </LoanEvents.rpt>
</label>