﻿<?xml version='1.0' encoding='UTF-8'?>
<label>
  <RepaymentCollectionSheetDelinquent.rpt>
    <Text1>Empréstimos inadimplentes</Text1>
    <Text3>Taxa de câmbio:</Text3>
    <Text5>Para a data:</Text5>
    <Text12>Pena</Text12>
    <Text15>Dias de atraso</Text15>
    <Text13>OLB</Text13>
    <Text10>Interesse</Text10>
    <Text9>Principal</Text9>
    <Text8>Quantidade</Text8>
    <Text7>Código dos Contratos</Text7>
    <Text6>Cidade</Text6>
    <Text4>Nome do cliente</Text4>
    <Text14>Distrito</Text14>
    <Text11>Número de telefone</Text11>
    <Text2>TOTAL</Text2>
  </RepaymentCollectionSheetDelinquent.rpt>
  <report.rpt>
    <Text1>Folha de recolha</Text1>
    <Text9>Total</Text9>
    <Text2>Número de telefone</Text2>
    <Text6>Principal</Text6>
    <Text5>Interesse</Text5>
    <Text4>OLB</Text4>
    <Text3>Quantidade</Text3>
    <Text18>Oficial de empréstimo</Text18>
    <Text17>Código dos Contratos</Text17>
    <Text16>Cidade</Text16>
    <Text15>Distrito</Text15>
    <Text14>Nome do cliente</Text14>
    <Text7>Taxa de câmbio:</Text7>
    <Text8>TOTAL</Text8>
  </report.rpt>
</label>