<?xml version="1.0" encoding="utf-8"?>
<report order="0" attachmentPoint="SavingsBook" visibility="All">
	<guid>8c331a3c-252e-4942-a087-1b0db0cd7c6a</guid>
    <title>Saving agreement</title>
    <description><![CDATA[Saving agreement.]]></description>
    <params>
        <param name="saving_id" label="Saving ID" type="int"/>
    </params>

   <localized lang="pt">
    <title>Salvando acordo</title>
    <description><![CDATA[Salvando acordo.]]></description>
    <params>
        <param name="saving_id" label="salvando o ID" type="int"/>
    </params>
   </localized>

</report>
