<?xml version="1.0" encoding="utf-8"?>
<report order="0" attachmentPoint="SavingsCompulsory" visibility="All">
	<guid>1fc53a79-7b18-42e9-b7b8-c7442c70fcab</guid>
    <title>Cash receipt</title>
    <description><![CDATA[Cash receipt.]]></description>
    <params>
        <param name="saving_id" label="Saving ID" type="int"/>
    </params>

   <localized lang="pt">
    <title>Recibo</title>
    <description><![CDATA[Recibo.]]></description>
    <params>
        <param name="saving_id" label="salvando o ID" type="int"/>
    </params>
   </localized>



</report>
